ID Asegurado;Sexo;Fecha nacimiento;Edad;Obligatorio;Todo Riesgo;Cristales;Incendio;Uso;Año compra Coche;Años Coche;Modelo;Cubicaje;caballos;Color ;Fecha adquisicin;Numero incidente;Costos
15.760;H;20/07/1956;46;Sí;Sí;No;No;Particular;1996;6;19;1600;110;ROJO;13/01/1996;5.126.419;2436.86
15.997;H;15/04/1925;77;Sí;Sí;No;No;Particular;1999;3;35;2000tdi;100;ROJO;03/06/1999;9.915.975;1322.65
16.230;M;14/07/1978;24;Sí;No;Sí;Sí;Particular;1991;10;10;1100;50;BLANCO;03/12/1991;1.250.208;6871.83
16.500;M;22/12/1951;50;Sí;No;Sí;Sí;Particular;1990;11;3;1300;70;BLANCO;20/12/1990;1.332.233;1652.94
17.396;H;28/05/1962;40;Sí;No;Sí;Sí;Particular;1986;15;10;1100;50;ROJO;17/12/1986;2.558.883;1495.18
17.982;M;27/11/1945;56;Sí;No;Sí;Sí;Particular;1993;9;37;2000;102;BLANCO;20/10/1993;2.862.115;2018.52
18.488;H;18/09/1980;22;Sí;No;Sí;Sí;Particular;1990;12;10;1100;50;ROJO;25/08/1990;4.709.971;1108.29
18.877;M;22/05/1948;54;Sí;No;Sí;Sí;Industrial;1986;16;11;1900td;40;BLANCO;28/03/1986;3.231.524;1427.34
19.005;M;01/02/1938;64;Sí;No;Sí;Sí;Particular;1990;12;9;1000;49;BLANCO;16/06/1990;5.078.064;1082.27
19.919;M;07/03/1975;27;Sí;No;Sí;Sí;Particular;1988;14;2;1100;60;BLANCO;07/08/1988;2.656.775;6247.11
20.300;M;29/11/1960;41;Sí;Sí;No;No;Particular;1996;6;39;3200;224;BLANCO;04/08/1996;2.850.370;2134.27
20.347;M;21/06/1980;22;Sí;Sí;No;No;Particular;1996;6;33;2000;136;BLANCO;26/05/1996;3.105.705;8983.07
20.418;M;28/10/1971;31;Sí;Sí;No;No;Particular;2001;1;14;1600i16v;120;BLANCO;28/09/2001;8.418.969;3251.12
20.880;M;28/07/1943;59;Sí;No;Sí;Sí;Particular;1991;11;9;1000;49;BLANCO;14/07/1991;7.251.908;1053.33
20.908;H;07/07/1941;61;Sí;Sí;No;No;Particular;1996;6;24;1600i;109;BLANCO;15/02/1996;1.460.631;1439.51
21.383;M;02/11/1941;61;Sí;No;Sí;Sí;Particular;1986;16;10;1100;50;BLANCO;11/07/1986;4.293.791;1307.84
21.574;M;19/07/1940;62;Sí;Sí;No;No;Particular;1996;6;22;2000;172;BLANCO;27/01/1996;8.745.877;1910.59
22.241;M;05/09/1954;48;Sí;No;Sí;Sí;Particular;1985;17;9;1000;49;BLANCO;15/07/1985;3.652.101;2261.16
22.897;H;18/05/1982;20;Sí;Sí;No;No;Particular;1999;3;27;2000i;137;AMARILLO;15/01/1999;4.359.060;9092.40
22.929;M;20/12/1982;19;Sí;Sí;No;No;Particular;1996;6;26;2000hdi;90;GRIS_M;15/03/1996;7.394.878;7158.05
22.929;M;20/12/1982;19;Sí;Sí;No;No;Particular;1996;6;26;2000hdi;90;GRIS_M;15/03/1996;7.394.878;8440.93
24.457;M;14/10/1946;56;Sí;No;Sí;Sí;Particular;1983;19;3;1300;70;BLANCO;12/09/1983;4.290.521;1759.71
24.918;M;28/08/1974;28;Sí;Sí;No;No;Industrial;1996;6;21;1900dti;80;BLANCO;15/01/1996;3.066.017;8291.96
25.189;M;05/01/1951;51;Sí;No;Sí;Sí;Particular;1989;13;12;1400i;75;BLANCO;14/08/1989;2.196.468;2066.41
25.429;M;16/10/1932;70;Sí;Sí;No;No;Particular;1996;6;20;1900D;65;BLANCO;14/01/1996;7.822.752;2158.86
25.938;M;07/06/1950;52;Sí;No;Sí;Sí;Particular;1983;19;3;1300;70;BLANCO;20/08/1983;2.285.479;2352.25
26.232;M;09/07/1952;50;Sí;Sí;No;No;Particular;2000;2;38;2200;143;BLANCO;23/07/2000;3.713.950;1062.22
26.569;M;11/03/1981;21;Sí;No;Sí;Sí;Particular;1983;19;5;2000;120;BLANCO;11/03/1983;4.613.075;5878.29
27.163;M;20/04/1933;69;Sí;No;Sí;Sí;Particular;1995;7;12;1400i;75;BLANCO;06/02/1995;5.316.179;1998.05
27.264;M;04/02/1937;65;Sí;No;Sí;Sí;Particular;1991;10;9;1000;49;BLANCO;02/12/1991;6.565.327;1598.85
27.644;M;28/09/1970;32;Sí;No;Sí;Sí;Particular;1985;17;9;1000;49;BLANCO;25/10/1985;4.145.310;7634.86
29.097;H;06/11/1962;40;Sí;No;Sí;Sí;Particular;1992;10;9;1000;49;ROJO;10/07/1992;7.143.015;1624.22
29.099;H;26/03/1976;26;Sí;No;Sí;Sí;Particular;1990;12;9;1000;49;ROJO;26/10/1990;6.621.695;7806.28
29.681;H;12/02/1969;33;Sí;No;Sí;Sí;Particular;1988;14;9;1000;49;ROJO;11/11/1988;6.052.556;8489.19
29.681;H;12/02/1969;33;Sí;No;Sí;Sí;Particular;1988;14;9;1000;49;ROJO;11/11/1988;6.052.556;8400.53
29.681;H;12/02/1969;33;Sí;No;Sí;Sí;Particular;1988;14;9;1000;49;ROJO;11/11/1988;6.052.556;6577.13
30.521;H;23/04/1945;57;Sí;Sí;No;No;Particular;1996;6;37;2000;102;BLANCO;26/06/1996;5.542.424;1776.42
31.162;H;06/07/1958;44;Sí;Sí;No;No;Particular;1998;4;10;1100;50;ROJO;27/04/1998;5.068.280;1179.14
31.518;M;16/08/1944;58;Sí;No;Sí;Sí;Particular;1988;14;9;1000;49;AMARILLO;05/04/1988;4.021.894;1392.62
32.499;H;15/07/1981;21;Sí;Sí;No;No;Particular;1999;3;42;5500;354;AMARILLO;23/08/1999;6.991.772;8246.70
32.650;H;19/04/1954;48;Sí;No;Sí;Sí;Particular;1986;15;9;1000;49;ROJO;20/12/1986;5.073.010;2499.63
32.812;M;02/01/1974;28;Sí;No;Sí;Sí;Particular;1995;7;10;1100;50;BLANCO;10/04/1995;4.561.957;9783.92
32.874;H;05/04/1973;29;Sí;No;Sí;Sí;Particular;1990;12;9;1000;49;BLANCO;21/04/1990;8.915.892;4898.74
33.191;H;16/12/1981;20;Sí;Sí;No;No;Particular;1999;3;22;2000;172;ROJO;22/10/1999;1.204.736;56836.95
33.411;H;28/09/1958;44;Sí;No;Sí;Sí;Particular;1983;19;2;1100;60;NEGRO;21/04/1983;6.735.310;1919.29
33.875;M;08/02/1959;43;Sí;Sí;No;No;Particular;1999;3;37;2000;102;BLANCO;01/05/1999;3.084.835;1291.27
33.923;M;02/04/1966;36;Sí;Sí;No;No;Particular;1999;2;25;1900d;69;BLANCO;08/12/1999;4.612.964;7908.98
34.417;H;26/08/1976;26;Sí;No;Sí;Sí;Particular;1987;15;10;1100;50;ROJO;14/09/1987;7.544.080;164585.83
34.757;H;07/02/1979;23;Sí;No;Sí;Sí;Particular;1995;7;14;1600i_16v;120;ROJO;14/08/1995;5.746.973;9564.19
35.103;M;22/09/1939;63;Sí;No;Sí;Sí;Particular;1984;18;5;2000;120;BLANCO;07/05/1984;8.840.155;1138.04
36.007;M;22/04/1969;33;Sí;No;Sí;Sí;Particular;1987;15;9;1000;49;BLANCO;24/05/1987;3.490.000;6237.92
36.059;M;23/06/1949;53;Sí;Sí;No;No;Particular;2001;1;31;2000;100;BLANCO;12/04/2001;4.904.773;2157.85
36.489;M;06/07/1943;59;Sí;No;Sí;Sí;Particular;1983;19;3;1300;70;BLANCO;05/05/1983;5.128.661;1657.26
37.109;H;05/07/1955;47;Sí;Sí;No;No;Particular;1997;5;10;1100;50;ROJO;08/06/1997;7.911.504;1080.70
37.325;H;07/11/1935;67;Sí;Sí;No;No;Particular;2000;2;14;1600i_16v;120;ROJO;16/09/2000;2.733.929;1275.46
37.466;H;28/12/1963;38;Sí;No;Sí;Sí;Particular;1988;14;10;1100;50;ROJO;29/01/1988;1.001.809;1873.17
38.495;M;20/07/1978;24;Sí;No;Sí;Sí;Particular;1989;13;10;1100;50;BLANCO;15/11/1989;1.762.554;9996.02
38.735;M;14/10/1951;51;Sí;No;Sí;Sí;Particular;1990;11;4;1900;100;BLANCO;25/12/1990;6.394.722;1264.86
39.435;H;04/02/1979;23;Sí;Sí;No;No;Particular;1996;6;7;2500td;115;BLANCO;23/10/1996;3.082.931;5878.31
40.953;H;01/03/1963;39;Sí;No;Sí;Sí;Particular;1993;9;18;1400;98;ROJO;01/01/1993;5.228.861;2056.72
41.159;H;26/10/1943;59;Sí;No;Sí;Sí;Particular;1989;13;9;1000;49;ROJO;08/04/1989;4.796.853;1979.17
41.491;H;26/08/1978;24;Sí;Sí;No;No;Particular;1997;5;10;1100;50;ROJO;24/10/1997;6.709.384;5971.28
41.719;H;04/02/1946;56;Sí;No;Sí;Sí;Particular;1984;17;10;1100;50;ROJO;19/11/1984;6.515.544;1685.57
41.723;M;01/02/1945;57;Sí;Sí;No;No;Particular;2000;2;19;1600;110;BLANCO;14/10/2000;6.608.532;1215.98
41.838;M;16/01/1930;72;Sí;No;Sí;Sí;Particular;1984;18;10;1100;50;BLANCO;07/09/1984;4.270.111;1841.89
41.867;M;22/07/1938;64;Sí;Sí;No;No;Particular;2000;2;40;3200cdi;197;AZUL_M;18/08/2000;9.103.214;2039.03
42.237;H;08/07/1957;45;Sí;No;Sí;Sí;Particular;1995;7;10;1100;50;ROJO;07/07/1995;2.673.553;2052.39
42.437;M;14/02/1956;46;Sí;Sí;No;No;Particular;1999;3;33;2000;136;BLANCO;26/02/1999;6.027.806;2408.64
42.987;H;23/05/1952;50;Sí;Sí;No;No;Particular;1997;4;10;1100;50;ROJO;01/12/1997;6.672.379;1691.93
43.315;M;21/08/1946;56;Sí;Sí;No;No;Particular;1997;5;9;1000;49;BLANCO;18/10/1997;7.358.923;1476.99
43.436;M;27/06/1970;32;Sí;No;Sí;Sí;Particular;1984;18;1;900;30;BLANCO;16/05/1984;7.387.714;6108.23
44.095;M;18/10/1945;57;Sí;No;Sí;Sí;Particular;1988;14;3;1300;70;BLANCO;16/05/1988;7.449.932;1808.34
44.315;M;08/11/1965;37;Sí;No;Sí;Sí;Particular;1984;18;9;1000;49;AMARILLO;15/11/1984;3.951.574;1394.03
44.409;M;01/07/1977;25;Sí;Sí;No;No;Particular;1997;5;11;1900td;40;AZUL_M;16/09/1997;9.174.747;812.58
45.700;H;26/08/1969;33;Sí;No;Sí;Sí;Particular;1994;8;10;1100;50;ROJO;12/03/1994;7.380.701;5094.87
45.867;M;29/11/1981;20;Sí;No;Sí;Sí;Particular;1987;15;9;1000;49;BLANCO;07/02/1987;5.680.051;65460.83
46.622;H;08/03/1969;33;Sí;No;Sí;Sí;Particular;1994;8;9;1000;49;ROJO;08/10/1994;9.078.807;8716.07
46.728;M;23/08/1962;40;Sí;Sí;No;No;Particular;1998;3;25;1900d;69;BLANCO;25/12/1998;1.462.855;2029.44
48.151;H;09/12/1958;43;Sí;No;Sí;Sí;Particular;1985;17;9;1000;49;ROJO;10/08/1985;7.706.181;1160.98
48.213;M;19/02/1937;65;Sí;No;Sí;Sí;Particular;1986;16;9;1000;49;BLANCO;21/08/1986;5.324.311;2387.62
48.351;M;28/07/1960;42;Sí;No;Sí;Sí;Particular;1986;16;3;1300;70;BLANCO;13/01/1986;3.652.820;1964.21
48.515;H;12/07/1981;21;Sí;No;Sí;Sí;Particular;1989;13;10;1100;50;ROJO;25/01/1989;4.036.295;48480.20
48.545;H;08/08/1946;56;Sí;No;Sí;Sí;Particular;1986;16;2;1100;60;ROJO;17/02/1986;8.762.971;1353.43
49.004;H;29/05/1973;29;Sí;No;Sí;Sí;Particular;1990;12;10;1100;50;ROJO;06/01/1990;6.446.589;6468.87
49.588;M;24/07/1955;47;Sí;No;Sí;Sí;Particular;1991;11;11;1900td;40;NEGRO_M;23/05/1991;4.196.820;1521.75
49.621;M;16/09/1944;58;Sí;Sí;No;No;Particular;2001;1;26;2000hdi;90;AZUL_M;29/01/2001;4.282.576;2038.14
49.712;H;16/06/1942;60;Sí;No;Sí;Sí;Particular;1987;15;10;1100;50;ROJO;11/01/1987;3.708.246;1071.86
50.048;H;19/12/1982;19;Sí;No;Sí;Sí;Particular;1990;12;10;1100;50;BLANCO;13/06/1990;2.798.177;243099.91
50.650;H;17/06/1963;39;Sí;Sí;No;No;Particular;1997;5;9;1000;49;ROJO;04/04/1997;2.042.338;1665.38
51.054;H;20/05/1977;25;Sí;No;Sí;Sí;Particular;1989;13;10;1100;50;ROJO;22/04/1989;6.303.788;5463.61
51.274;H;16/02/1968;34;Sí;No;Sí;Sí;Particular;1995;7;9;1000;49;ROJO;29/04/1995;8.249.661;6067.56
51.338;M;16/08/1982;20;Sí;No;Sí;Sí;Particular;1994;8;9;1000;49;BLANCO;13/07/1994;9.853.545;9378.07
51.411;H;04/07/1972;30;Sí;Sí;No;No;Particular;1996;6;25;1900d;69;BLANCO;27/02/1996;8.400.283;39394.91
51.696;H;07/04/1951;51;Sí;Sí;No;No;Particular;2001;1;41;4300;279;NEGRO;08/09/2001;1.122.930;2029.13
51.764;M;24/08/1956;46;Sí;No;Sí;Sí;Particular;1990;12;10;1100;50;BLANCO;13/07/1990;5.782.163;1670.70
52.531;H;29/10/1980;22;Sí;Sí;No;No;Particular;1999;3;28;1600;100;ROJO;23/01/1999;4.238.364;5172.40
52.606;H;28/06/1959;43;Sí;No;Sí;Sí;Particular;1991;11;13;1600i;90;ROJO;06/07/1991;7.402.013;1683.79
52.644;H;06/09/1968;34;Sí;No;Sí;Sí;Particular;1990;12;10;1100;50;BLANCO;07/05/1990;7.076.029;5858.43
53.312;M;02/08/1925;77;Sí;No;Sí;Sí;Particular;1989;13;9;1000;49;BLANCO;09/10/1989;7.945.742;1956.15
54.276;M;10/02/1929;73;Sí;No;Sí;Sí;Particular;1994;8;10;1100;50;BLANCO;25/07/1994;4.767.823;2214.76
54.519;M;11/05/1981;21;Sí;No;Sí;Sí;Particular;1987;15;9;1000;49;BLANCO;06/10/1987;1.195.318;6847.05
54.710;M;06/10/1975;27;Sí;No;Sí;Sí;Particular;1989;13;9;1000;49;BLANCO;22/03/1989;3.810.281;58902.77
56.139;H;25/01/1970;32;Sí;Sí;No;No;Particular;2000;2;18;1400;98;NEGRO;11/10/2000;7.452.763;9248.86
56.766;H;07/06/1947;55;Sí;No;Sí;Sí;Particular;1988;14;4;1900;100;ROJO;23/05/1988;9.786.949;2312.00
57.375;H;23/09/1940;62;Sí;No;Sí;Sí;Particular;1983;19;5;2000;120;NEGRO;11/07/1983;4.053.369;1399.12
57.501;M;03/03/1932;70;Sí;Sí;No;No;Particular;2001;1;29;1800;100;BLANCO;20/03/2001;7.907.241;1527.73
58.333;H;18/06/1938;64;Sí;No;Sí;Sí;Particular;1993;9;29;1800;100;ROJO;25/06/1993;6.521.876;1084.49
58.833;H;01/01/1957;45;Sí;No;Sí;Sí;Particular;1989;13;10;1100;50;ROJO;11/03/1989;2.732.419;2393.73
59.086;M;25/01/1980;22;Sí;No;Sí;Sí;Particular;1988;14;5;2000;120;BLANCO;04/06/1988;3.604.088;7059.10
59.205;H;22/06/1942;60;Sí;No;Sí;Sí;Particular;1988;14;9;1000;49;ROJO;25/01/1988;9.397.053;1760.28
60.709;M;05/02/1932;70;Sí;No;Sí;Sí;Particular;1985;17;9;1000;49;AMARILLO;21/01/1985;9.705.434;1707.53
60.982;H;07/04/1981;21;Sí;No;Sí;Sí;Particular;1987;15;9;1000;49;ROJO;06/03/1987;8.795.705;51882.43
61.535;M;19/12/1976;25;Sí;No;Sí;Sí;Particular;1990;12;9;1000;49;BLANCO;22/01/1990;8.704.850;8840.99
61.871;M;05/06/1971;31;Sí;No;Sí;Sí;Particular;1989;13;9;1000;49;BLANCO;26/01/1989;6.784.018;6534.71
61.880;H;08/03/1951;51;Sí;No;Sí;Sí;Industrial;1993;9;21;1900dti;80;ROJO;01/02/1993;2.782.430;1359.76
62.409;M;02/07/1934;68;Sí;Sí;No;No;Particular;1996;5;11;1900td;40;NEGRO_M;08/12/1996;1.528.921;1972.54
62.911;H;09/07/1963;39;Sí;Sí;No;No;Particular;1996;6;41;4300;279;BLANCO;26/08/1996;3.820.850;1475.34
63.104;H;21/06/1967;35;Sí;No;Sí;Sí;Particular;1987;15;9;1000;49;ROJO;13/08/1987;9.765.798;9691.10
63.291;H;10/06/1931;71;Sí;No;Sí;Sí;Particular;1984;18;13;1600i;90;ROJO;29/09/1984;2.366.562;1077.73
64.239;H;23/01/1978;24;Sí;Sí;No;No;Particular;1999;3;16;1200;60;BLANCO;16/09/1999;2.780.370;27891.97
64.620;M;02/12/1947;54;Sí;No;Sí;Sí;Particular;1987;15;9;1000;49;AMARILLO;04/11/1987;9.245.843;1972.81
64.907;M;12/06/1973;29;Sí;No;Sí;Sí;Particular;1986;16;10;1100;50;BLANCO;23/03/1986;5.968.593;8970.83
65.626;H;11/04/1936;66;Sí;No;Sí;Sí;Particular;1987;15;10;1100;50;ROJO;08/06/1987;5.402.931;1601.23
65.665;M;06/10/1981;21;Sí;No;Sí;Sí;Particular;1993;9;38;2200;143;BLANCO;27/10/1993;4.458.509;81620.38
66.011;H;28/11/1957;44;Sí;Sí;No;No;Industrial;1996;6;35;2000tdi;100;BLANCO;06/06/1996;2.870.811;2145.08
67.129;M;07/06/1962;40;Sí;Sí;No;No;Industrial;2000;2;35;2000tdi;100;BLANCO;15/05/2000;2.681.784;1284.25
67.247;M;24/01/1969;33;Sí;No;Sí;Sí;Particular;1995;7;10;1100;50;BLANCO;27/03/1995;6.491.909;5117.21
67.411;H;29/09/1930;72;Sí;No;Sí;Sí;Particular;1995;7;16;1200;60;ROJO;24/10/1995;1.822.423;1359.01
68.265;H;11/06/1940;62;Sí;Sí;No;No;Particular;2000;2;17;1400;98;NEGRO;03/10/2000;6.196.294;1234.87
68.934;H;01/03/1935;67;Sí;No;Sí;Sí;Particular;1986;16;3;1300;70;ROJO;15/01/1986;7.275.422;2088.83
69.258;M;10/07/1969;33;Sí;Sí;No;No;Particular;1998;4;10;1100;50;BLANCO;19/02/1998;9.958.576;1480.22
69.755;H;01/12/1950;51;Sí;Sí;No;No;Particular;1999;2;26;2000hdi;90;NEGRO;22/12/1999;5.628.701;1587.25
69.857;M;13/03/1957;45;Sí;No;Sí;Sí;Particular;1983;19;2;1100;60;BLANCO;05/01/1983;4.418.190;1865.95
69.905;H;20/08/1936;66;Sí;No;Sí;Sí;Particular;1992;10;9;1000;49;ROJO;29/10/1992;9.231.708;1106.21
71.996;H;02/02/1976;26;Sí;Sí;No;No;Particular;2000;1;21;1900dti;80;NEGRO;03/12/2000;6.586.822;8360.91
72.641;M;17/01/1955;47;Sí;Sí;No;No;Particular;1997;5;13;1600i;90;BLANCO;04/10/1997;4.622.266;1893.45
73.777;H;17/04/1944;58;Sí;No;Sí;Sí;Particular;1995;7;13;1600i;90;ROJO;20/02/1995;5.708.284;1321.23
75.533;M;26/01/1957;45;Sí;No;Sí;Sí;Particular;1995;7;9;1000;49;BLANCO;25/06/1995;7.092.792;1641.10
75.965;H;11/04/1966;36;Sí;Sí;No;No;Particular;1998;4;15;1500d;58;ROJO;15/05/1998;7.810.860;5753.81
76.534;H;27/06/1979;23;Sí;Sí;No;No;Particular;2001;1;24;1600i;109;NEGRO;25/01/2001;6.052.848;9578.06
76.673;H;07/09/1977;25;Sí;No;Sí;Sí;Particular;1986;16;5;2000;120;AMARILLO;26/01/1986;5.782.459;1135.14
76.698;H;19/05/1980;22;Sí;Sí;No;No;Particular;2001;1;37;2000;102;NEGRO;12/08/2001;2.962.582;8712.08
77.612;H;12/09/1962;40;Sí;No;Sí;Sí;Particular;1989;13;10;1100;50;ROJO;20/07/1989;7.233.795;1254.71
78.563;M;27/11/1957;44;Sí;No;Sí;Sí;Particular;1985;17;10;1100;50;BLANCO;20/05/1985;3.118.058;1621.55
79.009;H;08/09/1943;59;Sí;No;Sí;Sí;Particular;1993;9;32;2000;101;NEGRO;08/09/1993;3.375.611;1835.58
79.576;M;02/01/1970;32;Sí;No;Sí;Sí;Particular;1985;16;10;1100;50;BLANCO;21/11/1985;3.704.815;5268.20
79.668;M;12/05/1938;64;Sí;No;Sí;Sí;Particular;1986;16;1;900;30;AMARILLO;16/02/1986;4.150.539;1117.57
80.110;H;16/03/1956;46;Sí;No;Sí;Sí;Particular;1989;13;11;1900td;40;ROJO;03/08/1989;5.281.486;1655.03
80.602;H;05/06/1929;73;Sí;No;Sí;Sí;Particular;1984;18;12;1400i;75;NEGRO;18/09/1984;6.829.563;1865.08
81.366;H;14/03/1975;27;Sí;No;Sí;Sí;Particular;1986;16;7;2500td;115;GRIS_M;09/03/1986;1.438.502;7455.98
81.909;H;26/12/1945;56;Sí;No;Sí;Sí;Particular;1995;7;9;1000;49;NEGRO;22/03/1995;9.706.739;2493.86
82.274;M;17/05/1943;59;Sí;Sí;No;No;Particular;1999;3;40;3200cdi;197;NEGRO_M;28/05/1999;8.724.111;2154.92
82.553;M;17/01/1938;64;Sí;Sí;No;No;Particular;1997;5;10;1100;50;BLANCO;19/10/1997;7.565.905;2345.49
83.113;M;15/03/1981;21;Sí;No;Sí;Sí;Particular;1986;16;6;2100;120;BLANCO;05/02/1986;6.960.495;5985.11
83.236;H;28/11/1942;59;Sí;Sí;No;No;Particular;1998;4;19;1600;110;ROJO;03/09/1998;7.998.585;2235.40
84.820;H;03/09/1948;54;Sí;No;Sí;Sí;Particular;1991;11;6;2100;120;ROJO;18/02/1991;3.832.796;1862.96
85.150;M;06/12/1961;40;Sí;No;Sí;Sí;Particular;1988;13;10;1100;50;BLANCO;29/12/1988;2.680.124;1458.63
85.655;M;12/11/1945;57;Sí;No;Sí;Sí;Industrial;1985;17;11;1900td;40;BLANCO;04/06/1985;5.917.262;2262.86
85.911;M;15/04/1938;64;Sí;No;Sí;Sí;Particular;1983;19;6;2100;120;BLANCO;18/03/1983;5.480.081;1053.07
86.415;H;06/01/1942;60;Sí;No;Sí;Sí;Particular;1994;8;9;1000;49;ROJO;23/07/1994;3.933.226;1239.94
87.072;M;03/07/1982;20;Sí;No;Sí;Sí;Particular;1990;11;3;1300;70;BLANCO;24/12/1990;4.708.840;297127.55
87.206;M;25/01/1968;34;Sí;Sí;No;No;Particular;1996;6;9;1000;49;BLANCO;18/11/1996;1.783.386;2109.46
87.974;H;04/05/1945;57;Sí;No;Sí;Sí;Particular;1984;18;9;1000;49;ROJO;25/10/1984;2.068.473;1307.77
88.541;H;10/08/1977;25;Sí;Sí;No;No;Particular;2000;1;22;2000;172;NEGRO;22/12/2000;6.182.782;8705.26
89.182;M;16/10/1948;54;Sí;Sí;No;No;Particular;2001;1;17;1400;98;BLANCO;01/11/2001;6.868.406;2096.45
90.053;H;20/12/1977;24;Sí;Sí;No;No;Particular;1998;4;9;1000;49;ROJO;26/04/1998;4.834.192;55265.36
90.180;M;14/09/1968;34;Sí;No;Sí;Sí;Particular;1988;14;10;1100;50;BLANCO;11/11/1988;6.869.792;2453.23
90.581;M;07/04/1960;42;Sí;No;Sí;Sí;Particular;1989;13;9;1000;49;BLANCO;09/03/1989;7.182.583;1673.91
90.970;H;10/02/1952;50;Sí;Sí;No;No;Particular;1996;6;38;2200;143;BLANCO;16/07/1996;6.850.558;1614.18
91.604;H;04/07/1942;60;Sí;Sí;No;No;Particular;1999;3;18;1400;98;BLANCO;02/10/1999;1.055.865;2183.43
91.771;M;14/12/1967;34;Sí;Sí;No;No;Particular;1999;3;14;1600i_16v;120;BLANCO;01/09/1999;1.763.691;8880.40
92.021;M;10/04/1961;41;Sí;No;Sí;Sí;Particular;1983;19;4;1900;100;BLANCO;20/08/1983;2.375.767;1440.11
92.241;H;14/12/1939;62;Sí;No;Sí;Sí;Particular;1994;7;10;1100;50;ROJO;24/12/1994;5.563.149;1272.89
92.500;M;20/01/1976;26;Sí;Sí;No;No;Particular;1997;5;9;1000;49;BLANCO;08/06/1997;1.311.659;8525.12
92.792;H;11/03/1968;34;Sí;No;Sí;Sí;Particular;1990;12;10;1100;50;ROJO;10/10/1990;8.264.653;6851.51
92.905;H;22/08/1933;69;Sí;Sí;No;No;Particular;2001;1;42;5500;354;NEGRO;25/09/2001;5.765.776;1253.61
93.073;H;23/12/1976;25;Sí;No;Sí;Sí;Particular;1984;18;2;1100;60;NEGRO;05/03/1984;4.756.303;7955.18
93.760;H;18/06/1976;26;Sí;No;Sí;Sí;Particular;1992;10;10;1100;50;ROJO;16/05/1992;5.138.424;1815.51
94.148;M;28/09/1961;41;Sí;Sí;No;No;Particular;1997;5;9;1000;49;BLANCO;19/05/1997;5.846.177;1064.47
94.290;M;29/09/1968;34;Sí;Sí;No;No;Particular;1997;5;10;1100;50;BLANCO;17/04/1997;9.041.067;9271.44
94.673;M;10/10/1956;46;Sí;No;Sí;Sí;Particular;1989;13;9;1000;49;BLANCO;28/08/1989;6.027.717;1640.60
95.837;H;05/01/1931;71;Sí;No;Sí;Sí;Particular;1991;11;10;1100;50;ROJO;07/09/1991;3.839.676;1398.03
96.397;H;11/10/1975;27;Sí;No;Sí;Sí;Particular;1984;18;4;1900;100;ROJO;13/04/1984;5.678.552;6285.40
96.761;H;28/06/1982;20;Sí;Sí;No;No;Particular;1998;4;10;1100;50;ROJO;21/01/1998;5.476.204;6565.13
97.660;H;14/10/1954;48;Sí;No;Sí;Sí;Particular;1989;13;9;1000;49;ROJO;02/03/1989;8.204.425;2367.68
97.683;H;12/04/1936;66;Sí;No;Sí;Sí;Particular;1995;7;9;1000;49;ROJO;11/08/1995;3.691.821;1944.54
98.010;M;08/11/1958;44;Sí;No;Sí;Sí;Particular;1986;16;10;1100;50;BLANCO;28/04/1986;9.599.020;1291.52
98.166;H;14/07/1983;19;Sí;Sí;No;No;Particular;1996;6;32;2000;101;BLANCO;20/05/1996;6.668.882;5920.92
98.482;H;12/07/1934;68;Sí;No;Sí;Sí;Particular;1984;18;2;1100;60;ROJO;28/05/1984;6.154.233;1079.94
99.762;H;27/09/1974;28;Sí;No;Sí;Sí;Particular;1983;19;2;1100;60;ROJO;09/08/1983;7.030.229;8941.78
101.351;M;01/07/1966;36;Sí;Sí;No;No;Particular;1998;4;20;1900D;65;BLANCO;19/09/1998;6.060.636;8532.20
102.938;H;26/11/1961;40;Sí;Sí;No;No;Particular;1998;3;22;2000;172;AMARILLO;25/11/1998;4.540.834;1025.02
103.120;M;21/10/1943;59;Sí;Sí;No;No;Particular;1999;3;36;2500;170;BLANCO;19/04/1999;1.651.448;1219.29
103.482;M;25/09/1968;34;Sí;No;Sí;Sí;Particular;1983;19;4;1900;100;BLANCO;09/05/1983;9.513.386;5809.97
103.708;H;22/06/1976;26;Sí;Sí;No;No;Particular;1998;3;23;1400i;75;ROJO;11/12/1998;4.363.809;8917.70
104.163;H;24/10/1983;19;Sí;Sí;No;No;Particular;1999;3;24;1600i;109;NEGRO;27/10/1999;3.493.529;7391.13
104.515;H;02/06/1939;63;Sí;No;Sí;Sí;Particular;1994;8;9;1000;49;ROJO;28/02/1994;6.318.259;1003.45
105.042;M;29/09/1962;40;Sí;No;Sí;Sí;Particular;1985;17;10;1100;50;BLANCO;09/01/1985;8.933.036;1311.89
105.479;H;04/03/1955;47;Sí;No;Sí;Sí;Particular;1985;17;10;1100;50;ROJO;05/10/1985;6.448.100;1926.24
105.711;H;29/02/1976;26;Sí;Sí;No;No;Particular;2001;1;18;1400;98;NEGRO;10/11/2001;3.665.365;6554.55
105.721;M;04/11/1968;34;Sí;No;Sí;Sí;Particular;1990;12;10;1100;50;BLANCO;01/03/1990;5.910.502;5663.11
107.127;H;01/09/1949;53;Sí;No;Sí;Sí;Particular;1984;17;9;1000;49;ROJO;09/12/1984;4.910.678;2031.50
107.165;M;01/11/1976;26;Sí;No;Sí;Sí;Particular;1994;8;11;1900td;40;GRIS_M;29/01/1994;3.066.986;7667.00
108.338;M;26/01/1966;36;Sí;No;Sí;Sí;Particular;1993;9;25;1900d;69;BLANCO;14/05/1993;9.971.262;9333.62
108.576;H;29/09/1980;22;Sí;No;Sí;Sí;Particular;1985;16;9;1000;49;ROJO;22/11/1985;4.346.000;9201.63
108.598;H;11/09/1958;44;Sí;No;Sí;Sí;Particular;1983;19;6;2100;120;ROJO;01/08/1983;2.373.393;2409.42
108.610;H;12/02/1944;58;Sí;No;Sí;Sí;Particular;1989;13;13;1600i;90;NEGRO;15/08/1989;3.146.445;2071.57
110.337;M;29/05/1938;64;Sí;Sí;No;No;Particular;2001;1;36;2500;170;BLANCO;17/07/2001;9.823.161;1672.92
113.745;H;16/02/1948;54;Sí;Sí;No;No;Particular;1999;3;15;1500d;58;BLANCO;13/09/1999;3.436.010;2148.48
115.426;M;15/06/1943;59;Sí;Sí;No;No;Particular;1998;4;9;1000;49;BLANCO;03/01/1998;3.587.750;1653.33
115.759;H;17/12/1970;31;Sí;Sí;No;No;Particular;2000;2;31;2000;100;NEGRO;02/03/2000;5.443.962;9481.89
116.297;H;18/11/1962;40;Sí;No;Sí;Sí;Industrial;1993;9;27;2000i;137;BLANCO;24/05/1993;5.582.671;2035.26
117.296;H;17/01/1983;19;Sí;No;Sí;Sí;Particular;1986;16;12;1400i;75;ROJO;08/04/1986;8.867.431;8874.09
118.461;M;25/11/1947;54;Sí;No;Sí;Sí;Particular;1991;11;10;1100;50;BLANCO;23/08/1991;4.704.162;1799.59
118.687;M;26/02/1977;25;Sí;Sí;No;No;Particular;1997;5;10;1100;50;BLANCO;04/03/1997;9.106.309;9338.86
119.342;M;01/07/1958;44;Sí;Sí;No;No;Particular;1997;5;9;1000;49;BLANCO;24/10/1997;3.378.081;1212.08
119.446;H;09/04/1965;37;Sí;No;Sí;Sí;Particular;1991;11;9;1000;49;ROJO;01/05/1991;9.773.766;1705.77
120.884;H;24/08/1977;25;Sí;Sí;No;No;Particular;1999;3;21;1900dti;80;AMARILLO;21/10/1999;4.797.583;1809.13
121.025;H;03/07/1932;70;Sí;No;Sí;Sí;Particular;1993;9;28;1600;100;BLANCO;10/06/1993;4.582.957;1744.17
121.039;M;25/09/1984;18;Sí;No;Sí;Sí;Particular;1995;7;9;1000;49;BLANCO;15/07/1995;9.959.334;56122.25
121.068;H;03/05/1976;26;Sí;No;Sí;Sí;Particular;1983;19;1;900;30;ROJO;04/01/1983;6.614.009;6301.47
121.484;M;16/07/1944;58;Sí;No;Sí;Sí;Particular;1986;16;3;1300;70;BLANCO;28/02/1986;2.417.196;2295.80
122.030;H;04/12/1980;21;Sí;No;Sí;Sí;Particular;1987;15;9;1000;49;ROJO;20/07/1987;1.024.825;9966.84
122.205;H;13/01/1968;34;Sí;No;Sí;Sí;Particular;1994;8;10;1100;50;NEGRO;20/04/1994;7.566.633;30945.99
122.983;H;19/06/1967;35;Sí;No;Sí;Sí;Particular;1993;8;42;5500;354;ROJO;13/12/1993;4.188.101;7344.51
123.115;H;11/06/1945;57;Sí;No;Sí;Sí;Particular;1990;12;9;1000;49;BLANCO;15/05/1990;1.936.981;1967.88
123.140;H;16/11/1933;69;Sí;No;Sí;Sí;Particular;1988;13;13;1600i;90;ROJO;28/11/1988;1.118.268;1150.42
123.949;H;07/04/1942;60;Sí;No;Sí;Sí;Particular;1991;11;2;1100;60;ROJO;03/03/1991;2.783.652;2059.82
124.230;M;28/04/1970;32;Sí;Sí;No;No;Particular;1998;4;17;1400;98;BLANCO;08/07/1998;6.076.164;27487.33
124.788;H;22/02/1972;30;Sí;No;Sí;Sí;Particular;1993;9;39;3200;224;ROJO;08/11/1993;6.481.981;5018.29
125.401;M;03/06/1964;38;Sí;No;Sí;Sí;Particular;1983;19;2;1100;60;BLANCO;07/10/1983;6.157.596;1526.99
125.874;H;07/10/1968;34;Sí;No;Sí;Sí;Particular;1985;17;10;1100;50;ROJO;07/05/1985;2.805.775;8459.24
126.202;H;29/01/1970;32;Sí;Sí;No;No;Particular;2001;1;15;1500d;58;NEGRO;23/10/2001;2.856.255;6579.59
127.089;H;04/01/1978;24;Sí;No;Sí;Sí;Particular;1995;7;11;1900td;40;ROJO;03/02/1995;8.806.600;1016.32
127.304;M;28/01/1981;21;Sí;No;Sí;Sí;Particular;1988;14;10;1100;50;BLANCO;12/03/1988;4.573.135;6811.86
127.741;H;06/02/1956;46;Sí;No;Sí;Sí;Particular;1983;19;4;1900;100;NEGRO;18/09/1983;6.997.111;1029.29
128.393;H;18/05/1932;70;Sí;No;Sí;Sí;Particular;1995;7;10;1100;50;ROJO;25/07/1995;3.690.830;1774.08
129.301;M;15/04/1967;35;Sí;Sí;No;No;Particular;2000;2;29;1800;100;BLANCO;20/01/2000;6.968.512;7766.34
129.490;M;04/07/1937;65;Sí;No;Sí;Sí;Particular;1991;11;10;1100;50;BLANCO;12/10/1991;7.968.204;2435.74
129.915;M;23/11/1938;63;Sí;No;Sí;Sí;Particular;1991;11;3;1300;70;BLANCO;15/03/1991;3.367.177;1953.57
129.992;H;05/06/1963;39;Sí;Sí;No;No;Particular;1999;3;34;2000tdi;100;ROJO;01/03/1999;5.299.698;1553.97
131.175;H;24/08/1965;37;Sí;No;Sí;Sí;Particular;1988;14;1;900;30;ROJO;05/07/1988;7.351.689;1597.11
131.558;H;19/04/1956;46;Sí;No;Sí;Sí;Particular;1987;15;10;1100;50;ROJO;08/08/1987;4.873.450;1591.27
132.504;M;02/06/1933;69;Sí;Sí;No;No;Particular;1997;5;9;1000;49;BLANCO;10/05/1997;3.165.643;1949.78
132.977;H;04/09/1953;49;Sí;No;Sí;Sí;Particular;1992;9;14;1600i_16v;120;ROJO;25/12/1992;4.470.806;1653.20
133.834;H;15/09/1946;56;Sí;No;Sí;Sí;Particular;1994;8;12;1400i;75;NEGRO;08/02/1994;7.184.592;1409.34
133.945;M;15/05/1947;55;Sí;No;Sí;Sí;Particular;1983;19;2;1100;60;BLANCO;25/06/1983;3.067.784;1915.97
134.376;M;19/05/1979;23;Sí;No;Sí;Sí;Particular;1986;16;10;1100;50;BLANCO;21/09/1986;4.441.451;7083.65
137.391;M;21/02/1936;66;Sí;No;Sí;Sí;Particular;1991;11;9;1000;49;BLANCO;25/09/1991;7.929.067;1973.03
137.645;H;23/09/1968;34;Sí;No;Sí;Sí;Particular;1983;19;2;1100;60;ROJO;25/08/1983;6.482.404;5824.74
138.465;H;23/10/1964;38;Sí;No;Sí;Sí;Particular;1990;12;9;1000;49;ROJO;14/07/1990;8.186.905;1502.97
138.614;H;17/03/1976;26;Sí;No;Sí;Sí;Particular;1984;18;3;1300;70;ROJO;02/04/1984;3.412.229;30918.35
138.961;H;03/06/1937;65;Sí;Sí;No;No;Particular;2001;1;34;2000tdi;100;ROJO;03/06/2001;2.384.285;1653.85
139.131;M;11/01/1945;57;Sí;No;Sí;Sí;Particular;1985;17;10;1100;50;BLANCO;20/08/1985;5.217.811;1461.20
139.170;M;26/01/1930;72;Sí;No;Sí;Sí;Particular;1984;18;3;1300;70;BLANCO;22/03/1984;1.132.927;2197.34
139.724;H;25/08/1939;63;Sí;No;Sí;Sí;Particular;1988;14;12;1400i;75;ROJO;18/11/1988;4.100.215;129472.23
140.534;H;12/10/1945;57;Sí;No;Sí;Sí;Particular;1990;12;10;1100;50;ROJO;27/01/1990;9.361.076;968.90
140.981;H;05/09/1978;24;Sí;No;Sí;Sí;Particular;1987;15;10;1100;50;ROJO;04/10/1987;2.375.980;20281.72
141.343;M;05/11/1939;63;Sí;Sí;No;No;Particular;1997;5;12;1400i;75;BLANCO;29/09/1997;7.999.966;2377.77
141.351;H;08/06/1929;73;Sí;Sí;No;No;Particular;2001;1;27;2000i;137;ROJO;09/02/2001;2.447.335;1558.14
142.324;M;26/07/1976;26;Sí;No;Sí;Sí;Particular;1995;7;10;1100;50;BLANCO;14/06/1995;2.092.766;7668.04
142.783;H;01/10/1971;31;Sí;Sí;No;No;Particular;1997;5;9;1000;49;ROJO;05/06/1997;6.091.670;9051.86
144.092;H;12/02/1941;61;Sí;Sí;No;No;Industrial;1998;4;21;1900dti;80;ROJO;28/10/1998;2.227.624;2309.84
144.330;H;05/03/1945;57;Sí;Sí;No;No;Particular;2000;2;33;2000;136;ROJO;22/03/2000;6.925.273;62909.67
144.416;H;29/09/1958;44;Sí;No;Sí;Sí;Particular;1989;13;10;1100;50;NEGRO;12/09/1989;5.784.077;2340.31
144.749;M;19/07/1964;38;Sí;No;Sí;Sí;Particular;1984;18;6;2100;120;BLANCO;20/01/1984;5.082.820;1459.55
145.228;M;22/10/1965;37;Sí;No;Sí;Sí;Particular;1987;15;12;1400i;75;BLANCO;17/01/1987;2.099.399;1151.08
145.835;H;05/11/1980;22;Sí;No;Sí;Sí;Particular;1992;10;13;1600i;90;ROJO;05/01/1992;3.314.103;7866.22
147.250;H;17/12/1981;20;Sí;No;Sí;Sí;Particular;1993;9;22;2000;172;ROJO;18/02/1993;5.881.672;35683.09
147.250;H;17/12/1981;20;Sí;No;Sí;Sí;Particular;1993;9;22;2000;172;ROJO;18/02/1993;5.881.672;75703.60
148.420;M;15/09/1948;54;Sí;No;Sí;Sí;Particular;1985;17;13;1600i;90;BLANCO;02/07/1985;3.659.545;1271.46
148.459;H;18/09/1943;59;Sí;No;Sí;Sí;Particular;1988;14;6;2100;120;ROJO;20/06/1988;6.801.837;1922.41
148.820;M;22/06/1967;35;Sí;Sí;No;No;Particular;1996;5;13;1600i;90;BLANCO;27/12/1996;2.880.525;9497.88
149.142;M;08/12/1973;28;Sí;No;Sí;Sí;Particular;1985;17;10;1100;50;BLANCO;29/07/1985;1.888.307;8852.03
150.436;H;20/05/1961;41;Sí;No;Sí;Sí;Particular;1994;8;10;1100;50;NEGRO;28/01/1994;9.314.114;2347.28
150.451;M;26/03/1937;65;Sí;Sí;No;No;Particular;2001;1;32;2000;101;BLANCO;27/04/2001;8.139.406;1243.56
150.627;M;24/07/1935;67;Sí;No;Sí;Sí;Particular;1987;15;10;1100;50;BLANCO;16/06/1987;4.996.458;2138.41
150.781;H;01/07/1979;23;Sí;No;Sí;Sí;Particular;1983;19;4;1900;100;ROJO;08/03/1983;4.567.232;15363.65
150.817;H;27/12/1959;42;Sí;No;Sí;Sí;Particular;1993;9;23;1400i;75;ROJO;23/02/1993;9.265.907;2495.61
151.820;M;06/10/1977;25;Sí;No;Sí;Sí;Particular;1990;12;10;1100;50;BLANCO;11/09/1990;5.391.860;2178.55
151.934;H;04/03/1944;58;Sí;No;Sí;Sí;Particular;1987;15;10;1100;50;ROJO;29/04/1987;9.962.737;1641.71
152.851;M;12/04/1973;29;Sí;Sí;No;No;Particular;1998;3;24;1600i;109;BLANCO;16/12/1998;6.119.189;6853.73
153.484;H;02/07/1963;39;Sí;No;Sí;Sí;Particular;1986;16;9;1000;49;ROJO;13/07/1986;8.003.964;1649.31
153.601;H;06/11/1968;34;Sí;No;Sí;Sí;Particular;1987;15;9;1000;49;ROJO;24/06/1987;9.512.777;4861.63
153.800;M;12/09/1949;53;Sí;Sí;No;No;Particular;1998;4;10;1100;50;BLANCO;02/01/1998;6.641.322;1997.12
154.605;M;29/08/1932;70;Sí;Sí;No;No;Particular;1997;4;9;1000;49;BLANCO;06/12/1997;2.025.691;1919.57
;;;;;;;;;;;;;;;;;
155.422;H;24/02/1957;45;Sí;No;Sí;Sí;Particular;1993;9;31;2000;100;NEGRO;02/08/1993;5.995.904;1413.33
155.464;M;14/12/1971;30;Sí;Sí;No;No;Particular;1997;5;9;1000;49;BLANCO;16/10/1997;6.945.430;5749.42
156.248;H;14/04/1963;39;Sí;No;Sí;Sí;Particular;1990;12;9;1000;49;ROJO;01/02/1990;2.559.503;1331.05
156.379;H;11/10/1943;59;Sí;No;Sí;Sí;Particular;1986;16;9;1000;49;AMARILLO;15/09/1986;9.618.068;2454.84
156.421;H;09/03/1970;32;Sí;No;Sí;Sí;Particular;1991;11;8;3000td;125;AZUL_M;27/04/1991;3.354.388;7547.15
157.339;M;27/02/1968;34;Sí;Sí;No;No;Particular;2001;0;20;1900D;65;BLANCO;26/11/2001;9.328.544;9726.61
157.479;M;05/08/1961;41;Sí;Sí;No;No;Particular;1999;3;38;2200;143;BLANCO;14/05/1999;2.916.959;2482.62
157.545;M;26/01/1983;19;Sí;No;Sí;Sí;Particular;1989;13;10;1100;50;BLANCO;15/02/1989;3.569.612;9198.95
158.510;H;02/07/1945;57;Sí;No;Sí;Sí;Particular;1983;19;4;1900;100;NEGRO;02/07/1983;9.043.396;933.81
158.899;M;18/03/1953;49;Sí;No;Sí;Sí;Particular;1993;9;40;3200cdi;197;AZUL_M;16/11/1993;1.355.410;2110.75
159.032;M;25/07/1936;66;Sí;No;Sí;Sí;Particular;1990;11;3;1300;70;BLANCO;03/12/1990;2.828.045;1907.61
159.452;M;12/01/1944;58;Sí;No;Sí;Sí;Particular;1995;7;15;1500d;58;BLANCO;02/09/1995;3.203.203;2358.49
159.581;M;26/03/1983;19;Sí;No;Sí;Sí;Particular;1990;12;9;1000;49;BLANCO;09/07/1990;4.411.941;5404.45
159.613;M;08/12/1945;56;Sí;Sí;No;No;Particular;1996;6;30;1800;115;BLANCO;01/05/1996;4.609.728;2484.68
159.778;H;03/06/1953;49;Sí;No;Sí;Sí;Particular;1991;10;12;1400i;75;ROJO;16/12/1991;9.433.578;1353.66
160.111;M;11/10/1971;31;Sí;No;Sí;Sí;Particular;1984;18;7;2500td;115;BLANCO;01/07/1984;4.189.912;6193.66
160.169;M;25/09/1948;54;Sí;No;Sí;Sí;Industrial;1993;9;35;2000tdi;100;BLANCO;01/10/1993;5.275.877;1035.85
160.635;H;28/06/1964;38;Sí;No;Sí;Sí;Particular;1985;17;10;1100;50;ROJO;01/03/1985;1.638.253;1031.02
160.716;M;11/02/1976;26;Sí;No;Sí;Sí;Particular;1991;10;11;1900td;40;AZUL_M;10/12/1991;7.688.114;8299.89
161.029;H;13/09/1940;62;Sí;No;Sí;Sí;Particular;1986;16;8;3000td;125;GRIS_M;13/03/1986;3.117.803;1636.81
161.185;M;21/04/1982;20;Sí;No;Sí;Sí;Particular;1993;8;7;2500td;115;BLANCO;25/12/1993;7.416.156;7500.51
161.185;M;22/09/1976;26;Sí;No;Sí;Sí;Particular;1988;14;3;1300;70;BLANCO;21/08/1988;4.992.818;1833.82
161.399;M;10/06/1956;46;Sí;Sí;No;No;Particular;2001;1;39;3200;224;BLANCO;26/08/2001;7.609.287;2133.77
161.426;M;15/01/1982;20;Sí;No;Sí;Sí;Particular;1989;13;9;1000;49;BLANCO;02/10/1989;1.883.946;7259.67
162.202;M;17/07/1981;21;Sí;No;Sí;Sí;Particular;1988;13;9;1000;49;BLANCO;26/12/1988;5.350.229;8270.26
162.222;H;21/02/1930;72;Sí;No;Sí;Sí;Particular;1986;16;9;1000;49;ROJO;12/10/1986;6.179.705;1872.20
162.280;M;07/06/1975;27;Sí;No;Sí;Sí;Particular;1993;9;24;1600i;109;BLANCO;10/03/1993;4.561.272;5005.23
163.335;M;24/01/1944;58;Sí;Sí;No;No;Particular;2000;2;39;3200;224;BLANCO;08/08/2000;9.812.763;1148.86
163.902;M;19/05/1972;30;Sí;No;Sí;Sí;Particular;1993;9;33;2000;136;BLANCO;08/09/1993;6.520.344;9032.49
164.244;H;29/09/1979;23;Sí;No;Sí;Sí;Particular;1994;8;10;1100;50;NEGRO;08/05/1994;8.797.970;8504.59
164.386;H;24/04/1964;38;Sí;No;Sí;Sí;Particular;1992;10;10;1100;50;ROJO;07/08/1992;8.675.281;1872.44
164.431;M;09/02/1982;20;Sí;Sí;No;No;Particular;1997;5;10;1100;50;BLANCO;18/06/1997;8.928.516;8595.48
166.261;M;25/12/1935;66;Sí;Sí;No;No;Particular;1996;6;23;1400i;75;BLANCO;29/01/1996;9.099.345;2483.05
166.953;H;01/08/1956;46;Sí;No;Sí;Sí;Particular;1992;9;17;1400;98;ROJO;29/12/1992;6.480.216;1752.15
167.022;H;15/07/1955;47;Sí;No;Sí;Sí;Particular;1991;11;7;2500td;115;AZUL_M;18/03/1991;2.306.046;1408.84
168.045;H;04/11/1961;41;Sí;No;Sí;Sí;Particular;1993;9;19;1600;110;BLANCO;08/01/1993;3.738.197;136366.00
168.113;M;02/02/1979;23;Sí;Sí;No;No;Particular;1997;5;10;1100;50;BLANCO;20/05/1997;9.595.900;7002.39
168.949;H;09/08/1982;20;Sí;No;Sí;Sí;Particular;1985;17;9;1000;49;ROJO;25/08/1985;6.686.221;8034.37
169.285;M;11/04/1929;73;Sí;No;Sí;Sí;Particular;1993;9;34;2000tdi;100;BLANCO;19/09/1993;8.653.330;2381.42
169.777;H;11/11/1937;65;Sí;Sí;No;No;Particular;1999;3;29;1800;100;ROJO;27/01/1999;4.941.494;2148.18
170.775;H;19/12/1972;29;Sí;No;Sí;Sí;Particular;1992;10;9;1000;49;BLANCO;01/05/1992;2.329.304;6518.95
171.417;H;27/04/1980;22;Sí;No;Sí;Sí;Particular;1987;15;9;1000;49;ROJO;18/09/1987;7.378.459;7418.01
171.525;M;05/03/1945;57;Sí;Sí;No;No;Particular;2000;2;37;2000;102;BLANCO;19/07/2000;7.417.362;1627.31
171.682;M;21/12/1946;55;Sí;No;Sí;Sí;Particular;1986;16;9;1000;49;AMARILLO;01/05/1986;3.944.914;1546.78
172.297;M;13/06/1963;39;Sí;No;Sí;Sí;Particular;1985;17;10;1100;50;BLANCO;07/04/1985;9.783.918;2001.20
172.706;H;07/02/1976;26;Sí;No;Sí;Sí;Particular;1984;18;8;3000td;125;NEGRO;01/08/1984;8.418.158;9258.46
173.331;H;06/06/1954;48;Sí;No;Sí;Sí;Particular;1988;14;3;1300;70;ROJO;17/05/1988;1.830.088;2027.56
173.535;H;06/07/1969;33;Sí;No;Sí;Sí;Particular;1992;10;10;1100;50;ROJO;06/03/1992;6.280.085;7854.71
174.328;M;03/12/1976;25;Sí;No;Sí;Sí;Particular;1985;17;9;1000;49;BLANCO;15/10/1985;6.738.843;71728.34
175.795;H;08/02/1947;55;Sí;No;Sí;Sí;Particular;1995;7;9;1000;49;ROJO;12/07/1995;8.690.681;1493.06
175.880;M;06/01/1981;21;Sí;Sí;No;No;Particular;1999;3;41;4300;279;BLANCO;22/06/1999;1.934.724;5314.01
176.483;M;21/01/1974;28;Sí;No;Sí;Sí;Particular;1987;15;10;1100;50;BLANCO;13/10/1987;1.037.676;9270.31
176.933;H;10/02/1947;55;Sí;No;Sí;Sí;Particular;1992;9;15;1500d;58;ROJO;25/12/1992;3.309.021;1500.83
177.442;H;24/12/1970;31;Sí;Sí;No;No;Particular;2000;2;27;2000i;137;ROJO;02/01/2000;9.388.847;6978.76
178.855;H;17/03/1972;30;Sí;No;Sí;Sí;Particular;1987;15;9;1000;49;ROJO;08/06/1987;7.525.401;9149.17
179.083;H;17/12/1950;51;Sí;No;Sí;Sí;Particular;1994;8;10;1100;50;ROJO;26/10/1994;2.069.687;1464.34
179.213;H;12/09/1963;39;Sí;Sí;No;No;Particular;2001;1;35;2000tdi;100;NEGRO;29/06/2001;8.560.726;1292.50
179.778;H;20/01/1978;24;Sí;Sí;No;No;Particular;1996;6;42;5500;354;BLANCO;24/09/1996;7.323.133;1090.51
180.069;H;01/07/1948;54;Sí;No;Sí;Sí;Particular;1988;14;7;2500td;115;NEGRO_M;28/09/1988;4.092.804;1455.56
180.452;M;21/05/1951;51;Sí;No;Sí;Sí;Particular;1995;7;9;1000;49;BLANCO;14/06/1995;9.776.789;1537.08
180.731;M;14/05/1929;73;Sí;Sí;No;No;Particular;1998;4;9;1000;49;BLANCO;07/02/1998;1.597.795;1243.10
180.783;M;07/06/1954;48;Sí;Sí;No;No;Particular;2001;1;33;2000;136;BLANCO;05/05/2001;7.395.598;1615.13
181.901;H;14/08/1932;70;Sí;No;Sí;Sí;Particular;1988;14;10;1100;50;ROJO;08/05/1988;6.533.890;2449.95
182.656;H;05/11/1950;52;Sí;Sí;No;No;Particular;2000;2;20;1900D;65;NEGRO;16/11/2000;5.879.705;1161.82
183.321;M;03/09/1962;40;Sí;Sí;No;No;Particular;1999;3;17;1400;98;BLANCO;27/09/1999;4.385.448;2399.88
183.565;H;21/05/1976;26;Sí;No;Sí;Sí;Particular;1993;9;36;2500;170;ROJO;13/10/1993;7.587.196;9274.54
184.123;M;01/04/1948;54;Sí;Sí;No;No;Particular;2001;1;40;3200cdi;197;NEGRO_M;01/09/2001;6.223.385;1226.29
184.780;H;07/12/1937;64;Sí;No;Sí;Sí;Particular;1985;17;9;1000;49;ROJO;26/07/1985;9.875.301;1856.16
184.863;M;07/09/1961;41;Sí;Sí;No;No;Particular;2000;2;16;1200;60;BLANCO;28/09/2000;7.532.120;1524.45
184.927;M;01/03/1949;53;Sí;No;Sí;Sí;Industrial;1987;15;11;1900td;40;BLANCO;14/01/1987;4.726.881;1481.71
185.198;M;19/09/1948;54;Sí;No;Sí;Sí;Particular;1994;7;9;1000;49;BLANCO;23/11/1994;8.910.618;2412.18
185.517;H;05/07/1937;65;Sí;No;Sí;Sí;Particular;1985;17;10;1100;50;ROJO;02/11/1985;9.190.876;2080.86
185.823;M;22/02/1930;72;Sí;No;Sí;Sí;Particular;1990;12;10;1100;50;BLANCO;15/11/1990;6.873.307;1114.30
185.984;H;22/09/1939;63;Sí;No;Sí;Sí;Particular;1983;19;3;1300;70;NEGRO;01/03/1983;4.111.239;2325.41
186.307;H;27/07/1933;69;Sí;No;Sí;Sí;Particular;1985;17;12;1400i;75;ROJO;21/06/1985;2.362.770;2023.99
186.510;M;14/12/1964;37;Sí;No;Sí;Sí;Particular;1986;16;4;1900;100;BLANCO;22/01/1986;1.073.698;1197.96
188.136;H;14/06/1976;26;Sí;Sí;No;No;Particular;1997;5;9;1000;49;ROJO;04/08/1997;7.969.109;6764.40
188.683;M;08/07/1931;71;Sí;No;Sí;Sí;Particular;1995;7;9;1000;49;BLANCO;07/04/1995;7.258.580;2472.18
189.017;M;27/09/1962;40;Sí;No;Sí;Sí;Particular;1985;17;9;1000;49;BLANCO;18/11/1985;8.512.374;1446.13
189.744;M;09/04/1966;36;Sí;No;Sí;Sí;Particular;1985;17;10;1100;50;BLANCO;15/07/1985;4.926.331;9261.47
190.172;H;02/06/1979;23;Sí;Sí;No;No;Particular;1997;5;9;1000;49;BLANCO;13/01/1997;9.299.918;7174.53
190.752;H;11/04/1938;64;Sí;No;Sí;Sí;Particular;1993;9;30;1800;115;ROJO;03/07/1993;9.863.840;2025.30
192.206;H;24/11/1940;61;Sí;No;Sí;Sí;Particular;1994;8;13;1600i;90;ROJO;25/02/1994;1.114.703;1185.36
192.365;M;28/02/1983;19;Sí;No;Sí;Sí;Particular;1992;10;10;1100;50;BLANCO;03/07/1992;3.537.124;8213.33
193.407;M;23/05/1969;33;Sí;Sí;No;No;Particular;1996;6;28;1600;100;BLANCO;03/04/1996;2.980.953;7109.27
194.709;H;03/12/1944;57;Sí;Sí;No;No;Particular;2000;2;15;1500d;58;NEGRO;25/09/2000;7.436.356;1374.73
194.772;M;23/02/1949;53;Sí;No;Sí;Sí;Particular;1983;19;1;900;30;BLANCO;07/04/1983;8.674.105;1182.13
194.893;M;10/08/1953;49;Sí;Sí;No;No;Industrial;1996;6;27;2000i;137;BLANCO;20/03/1996;2.945.301;2392.18
194.927;H;13/05/1974;28;Sí;Sí;No;No;Particular;1998;4;14;1600i_16v;120;AMARILLO;06/05/1998;4.839.602;6278.71
194.965;H;10/04/1978;24;Sí;No;Sí;Sí;Particular;1992;10;9;1000;49;ROJO;01/02/1992;8.506.007;9311.26
194.985;H;04/10/1945;57;Sí;Sí;No;No;Particular;1997;5;10;1100;50;ROJO;20/01/1997;5.462.739;19218.66
195.740;H;06/03/1942;60;Sí;No;Sí;Sí;Particular;1991;11;10;1100;50;ROJO;04/05/1991;6.354.278;2076.16
197.310;M;09/06/1976;26;Sí;Sí;No;No;Particular;2001;0;22;2000;172;BLANCO;09/12/2001;6.081.824;82570.12
197.549;H;08/02/1947;55;Sí;Sí;No;No;Particular;2000;2;42;5500;354;NEGRO;15/09/2000;3.752.864;1640.55
198.284;H;16/12/1946;55;Sí;No;Sí;Sí;Particular;1991;11;10;1100;50;ROJO;08/08/1991;1.488.402;1235.86
199.711;M;13/06/1945;57;Sí;No;Sí;Sí;Particular;1988;14;11;1900td;40;GRIS_M;14/11/1988;5.529.089;1998.95
200.344;M;02/03/1937;65;Sí;No;Sí;Sí;Particular;1983;19;3;1300;70;BLANCO;29/06/1983;4.121.660;2375.33
200.415;H;19/04/1967;35;Sí;No;Sí;Sí;Particular;1987;15;13;1600i;90;ROJO;29/01/1987;5.217.832;6474.05
200.708;M;07/06/1947;55;Sí;No;Sí;Sí;Particular;1991;11;10;1100;50;BLANCO;09/11/1991;4.703.582;1457.65
200.795;H;22/05/1977;25;Sí;Sí;No;No;Particular;1997;5;10;1100;50;ROJO;14/05/1997;7.056.335;5375.15
202.039;H;13/05/1970;32;Sí;No;Sí;Sí;Particular;1992;9;16;1200;60;BLANCO;27/12/1992;3.408.788;5044.95
202.397;H;12/05/1939;63;Sí;No;Sí;Sí;Particular;1991;11;9;1000;49;ROJO;25/08/1991;8.993.841;2216.14
203.507;M;26/04/1948;54;Sí;No;Sí;Sí;Particular;1984;18;9;1000;49;AMARILLO;20/08/1984;3.921.587;1205.57
203.552;H;21/04/1971;31;Sí;Sí;No;No;Particular;2000;2;34;2000tdi;100;ROJO;29/04/2000;7.418.187;8487.01
203.864;M;25/07/1983;19;Sí;Sí;No;No;Particular;1997;5;9;1000;49;BLANCO;19/10/1997;3.039.455;7641.27
204.187;M;01/03/1945;57;Sí;No;Sí;Sí;Particular;1984;18;9;1000;49;AMARILLO;29/09/1984;2.347.767;2440.28
206.280;H;29/10/1926;76;Sí;Sí;No;No;Particular;1999;3;39;3200;224;NEGRO;25/05/1999;1.519.991;1860.02
206.329;H;09/11/1981;21;Sí;No;Sí;Sí;Particular;1986;16;13;1600i;90;AMARILLO;09/04/1986;4.197.700;32569.98
206.353;M;20/06/1949;53;Sí;Sí;No;No;Particular;2000;2;36;2500;170;BLANCO;22/06/2000;3.036.567;1042.01
206.469;H;29/03/1940;62;Sí;Sí;No;No;Particular;1997;5;10;1100;50;ROJO;18/10/1997;2.505.777;2124.58
206.573;M;27/03/1929;73;Sí;Sí;No;No;Particular;1996;5;12;1400i;75;BLANCO;09/12/1996;1.541.998;1401.32
207.871;M;19/10/1963;39;Sí;No;Sí;Sí;Particular;1986;16;10;1100;50;BLANCO;08/09/1986;2.093.187;1231.39
208.098;H;28/01/1946;56;Sí;No;Sí;Sí;Particular;1994;8;10;1100;50;ROJO;16/07/1994;7.465.448;2282.17
208.422;M;13/10/1940;62;Sí;No;Sí;Sí;Particular;1995;7;10;1100;50;BLANCO;11/08/1995;6.664.188;2297.33
208.770;H;11/08/1930;72;Sí;No;Sí;Sí;Particular;1984;18;11;1900td;40;ROJO;16/09/1984;4.526.667;1570.01
209.900;H;28/07/1965;37;Sí;No;Sí;Sí;Particular;1993;9;20;1900D;65;ROJO;11/01/1993;9.923.189;6581.80
210.544;H;10/12/1931;70;Sí;Sí;No;No;Particular;2001;0;23;1400i;75;ROJO;14/12/2001;1.163.812;1970.13
211.013;H;06/03/1945;57;Sí;No;Sí;Sí;Particular;1985;17;9;1000;49;ROJO;14/05/1985;7.610.528;1458.62
211.290;H;23/02/1938;64;Sí;Sí;No;No;Particular;1997;5;9;1000;49;ROJO;01/02/1997;4.783.732;1242.67
211.488;H;11/06/1946;56;Sí;No;Sí;Sí;Particular;1995;7;10;1100;50;ROJO;06/05/1995;6.036.858;2195.57
211.951;M;05/10/1964;38;Sí;No;Sí;Sí;Particular;1989;13;10;1100;50;BLANCO;09/03/1989;5.952.419;1194.29
213.345;H;14/05/1931;71;Sí;Sí;No;No;Particular;2001;0;21;1900dti;80;ROJO;08/12/2001;7.929.262;1242.39
213.502;H;15/01/1953;49;Sí;No;Sí;Sí;Particular;1994;8;9;1000;49;NEGRO;17/01/1994;9.063.358;1982.51
213.609;M;11/09/1934;68;Sí;Sí;No;No;Particular;1999;3;26;2000hdi;90;NEGRO_M;09/01/1999;3.191.735;2210.98
213.630;H;01/11/1933;69;Sí;No;Sí;Sí;Particular;1988;14;9;1000;49;ROJO;09/03/1988;3.065.102;1142.38
213.750;M;02/02/1966;36;Sí;Sí;No;No;Particular;2001;1;23;1400i;75;BLANCO;16/01/2001;4.565.902;6428.84
213.930;H;29/01/1966;36;Sí;No;Sí;Sí;Particular;1984;18;1;900;30;ROJO;18/02/1984;1.333.922;2107.33
213.941;H;08/02/1980;22;Sí;Sí;No;No;Particular;1999;3;32;2000;101;ROJO;11/02/1999;8.550.527;8354.14
214.434;M;21/09/1980;22;Sí;No;Sí;Sí;Particular;1987;15;10;1100;50;BLANCO;11/07/1987;8.021.506;5229.11
215.271;M;05/02/1947;55;Sí;No;Sí;Sí;Particular;1991;11;1;900;30;AMARILLO;21/02/1991;8.048.371;1119.92
215.622;M;16/06/1952;50;Sí;No;Sí;Sí;Particular;1986;16;9;1000;49;BLANCO;18/03/1986;6.985.364;1929.43
216.170;M;28/03/1954;48;Sí;No;Sí;Sí;Particular;1983;19;2;1100;60;BLANCO;21/05/1983;2.740.039;2088.57
216.523;H;12/10/1936;66;Sí;No;Sí;Sí;Particular;1991;11;10;1100;50;ROJO;24/07/1991;1.049.621;1775.25
216.923;H;29/07/1930;72;Sí;No;Sí;Sí;Particular;1993;9;26;2000hdi;90;ROJO;23/05/1993;3.383.324;1416.94
217.093;H;13/11/1980;22;Sí;No;Sí;Sí;Particular;1991;11;10;1100;50;ROJO;24/09/1991;2.986.014;5365.42
217.133;M;20/06/1943;59;Sí;No;Sí;Sí;Particular;1984;18;6;2100;120;BLANCO;10/05/1984;3.109.104;1808.91
217.508;M;05/10/1928;74;Sí;No;Sí;Sí;Particular;1984;18;3;1300;70;BLANCO;15/06/1984;6.694.839;2058.72
217.781;M;18/06/1946;56;Sí;No;Sí;Sí;Particular;1992;10;9;1000;49;BLANCO;28/07/1992;8.212.568;1396.84
218.753;H;20/02/1948;54;Sí;No;Sí;Sí;Particular;1985;16;10;1100;50;ROJO;10/12/1985;9.532.264;1597.57
219.207;M;11/11/1980;22;Sí;Sí;No;No;Particular;1996;6;31;2000;100;BLANCO;15/05/1996;2.320.721;9921.28
219.214;M;26/02/1960;42;Sí;No;Sí;Sí;Particular;1991;11;9;1000;49;BLANCO;17/09/1991;6.469.271;1743.48
219.671;M;20/11/1976;25;Sí;Sí;No;No;Particular;2000;2;28;1600;100;BLANCO;11/01/2000;4.756.796;8391.88
220.165;H;08/07/1980;22;Sí;No;Sí;Sí;Particular;1994;8;9;1000;49;NEGRO;08/05/1994;6.177.026;6187.55
220.377;M;23/01/1967;35;Sí;No;Sí;Sí;Particular;1992;10;10;1100;50;BLANCO;19/03/1992;1.494.532;9303.79
220.952;H;07/09/1953;49;Sí;Sí;No;No;Particular;1996;5;10;1100;50;BLANCO;04/12/1996;6.602.311;1665.34
221.117;H;14/12/1967;34;Sí;No;Sí;Sí;Particular;1990;12;9;1000;49;ROJO;26/08/1990;3.896.464;5580.67
221.138;M;04/07/1974;28;Sí;Sí;No;No;Particular;1996;6;34;2000tdi;100;BLANCO;27/05/1996;6.107.138;6416.88
221.615;M;05/03/1978;24;Sí;No;Sí;Sí;Particular;1983;19;1;900;30;AMARILLO;02/08/1983;6.402.684;6920.64
221.951;H;06/04/1948;54;Sí;Sí;No;No;Particular;2001;1;16;1200;60;NEGRO;24/10/2001;7.003.587;1196.19
222.576;M;11/07/1972;30;Sí;No;Sí;Sí;Particular;1992;10;10;1100;50;BLANCO;23/07/1992;4.863.104;7096.32
222.741;H;14/08/1950;52;Sí;No;Sí;Sí;Particular;1989;13;9;1000;49;ROJO;12/01/1989;5.583.056;2059.78
223.198;H;08/08/1955;47;Sí;No;Sí;Sí;Particular;1992;10;9;1000;49;ROJO;23/02/1992;7.890.949;1833.49
223.753;H;06/04/1929;73;Sí;No;Sí;Sí;Particular;1991;11;9;1000;49;ROJO;09/11/1991;5.939.658;2224.02
223.817;H;29/09/1943;59;Sí;Sí;No;No;Particular;1999;3;30;1800;115;ROJO;29/01/1999;5.358.908;1754.41
224.147;H;12/09/1959;43;Sí;No;Sí;Sí;Particular;1994;8;10;1100;50;NEGRO;29/06/1994;1.521.168;2132.87
224.318;H;17/07/1961;41;Sí;No;Sí;Sí;Particular;1985;17;9;1000;49;NEGRO;06/03/1985;4.408.765;1547.35
225.198;M;01/06/1982;20;Sí;No;Sí;Sí;Particular;1985;16;3;1300;70;BLANCO;29/12/1985;9.007.320;7211.90
225.268;H;18/02/1963;39;Sí;No;Sí;Sí;Particular;1992;9;10;1100;50;BLANCO;17/12/1992;2.924.762;2332.07
225.322;M;10/05/1977;25;Sí;No;Sí;Sí;Particular;1983;19;3;1300;70;BLANCO;12/10/1983;4.684.716;9162.34
225.327;M;02/11/1934;68;Sí;Sí;No;No;Particular;2001;1;28;1600;100;BLANCO;27/02/2001;1.775.337;1178.33
225.440;H;22/12/1974;27;Sí;Sí;No;No;Particular;1996;6;36;2500;170;BLANCO;24/06/1996;3.394.798;61892.67
225.716;H;22/11/1933;68;Sí;No;Sí;Sí;Particular;1989;13;10;1100;50;ROJO;04/04/1989;6.787.372;2091.42
226.247;H;12/03/1957;45;Sí;No;Sí;Sí;Particular;1991;11;5;2000;120;ROJO;12/01/1991;2.133.039;2345.60
226.286;M;12/06/1948;54;Sí;No;Sí;Sí;Particular;1986;16;10;1100;50;BLANCO;17/07/1986;4.811.513;2384.65
226.417;M;09/01/1957;45;Sí;No;Sí;Sí;Particular;1983;19;5;2000;120;BLANCO;15/11/1983;3.317.738;2023.58
226.898;H;29/10/1933;69;Sí;Sí;No;No;Particular;2000;2;30;1800;115;ROJO;06/02/2000;2.233.602;1680.88
227.601;M;06/09/1934;68;Sí;Sí;No;No;Particular;1999;3;19;1600;110;BLANCO;09/10/1999;1.453.334;2363.28
227.773;H;28/06/1973;29;Sí;Sí;No;No;Particular;1998;4;16;1200;60;ROJO;17/05/1998;3.002.257;55679.88
227.864;H;16/04/1964;38;Sí;No;Sí;Sí;Particular;1992;10;9;1000;49;ROJO;14/03/1992;5.963.261;1567.61
229.762;M;19/12/1966;35;Sí;Sí;No;No;Particular;2001;1;30;1800;115;BLANCO;03/04/2001;7.775.042;63404.82
230.078;H;29/07/1956;46;Sí;No;Sí;Sí;Industrial;1988;14;8;3000td;125;NEGRO_M;05/10/1988;5.684.364;2181.21
230.086;H;26/09/1983;19;Sí;No;Sí;Sí;Particular;1994;8;8;3000td;125;NEGRO;12/01/1994;2.501.244;5224.31
230.086;H;26/09/1983;19;Sí;No;Sí;Sí;Particular;1994;8;8;3000td;125;NEGRO;12/01/1994;2.501.244;9337.30
230.241;H;20/11/1973;28;Sí;No;Sí;Sí;Particular;1992;10;10;1100;50;ROJO;09/02/1992;4.971.952;6850.41
230.259;H;27/06/1967;35;Sí;No;Sí;Sí;Particular;1988;14;10;1100;50;ROJO;21/01/1988;6.082.975;9193.92
230.267;H;17/01/1970;32;Sí;No;Sí;Sí;Particular;1990;12;10;1100;50;BLANCO;23/06/1990;3.759.245;9040.75
230.908;H;10/02/1936;66;Sí;No;Sí;Sí;Particular;1984;18;10;1100;50;ROJO;07/11/1984;2.382.031;2477.52
231.759;H;20/07/1968;34;Sí;No;Sí;Sí;Particular;1986;16;10;1100;50;ROJO;17/08/1986;9.384.278;6705.53
232.036;H;17/10/1964;38;Sí;No;Sí;Sí;Particular;1985;17;10;1100;50;ROJO;22/10/1985;9.640.589;1760.45
232.609;H;09/01/1945;57;Sí;No;Sí;Sí;Particular;1983;19;3;1300;70;ROJO;05/06/1983;4.955.546;2254.87
233.421;H;09/11/1972;30;Sí;No;Sí;Sí;Particular;1989;13;10;1100;50;ROJO;07/10/1989;4.802.355;8646.19
233.478;M;27/08/1970;32;Sí;Sí;No;No;Particular;1999;3;20;1900D;65;BLANCO;16/10/1999;1.627.922;7999.70
233.708;M;23/10/1964;38;Sí;No;Sí;Sí;Particular;1991;11;12;1400i;75;BLANCO;24/06/1991;5.202.573;1456.72
235.871;M;11/07/1972;30;Sí;Sí;No;No;Particular;1996;6;8;3000td;125;GRIS_M;13/11/1996;7.769.812;5306.59
236.406;H;03/11/1965;37;Sí;Sí;No;No;Particular;2001;1;19;1600;110;NEGRO;13/11/2001;4.625.765;1125.22
236.526;H;07/06/1945;57;Sí;No;Sí;Sí;Particular;1990;12;9;1000;49;ROJO;16/09/1990;4.082.765;2115.71
238.579;H;27/09/1970;32;Sí;No;Sí;Sí;Particular;1984;18;10;1100;50;ROJO;24/10/1984;8.865.869;77395.25
238.580;H;18/08/1976;26;Sí;Sí;No;No;Particular;1999;3;31;2000;100;ROJO;02/02/1999;2.278.152;8698.36
238.712;M;19/01/1969;33;Sí;Sí;No;No;Particular;2000;2;32;2000;101;BLANCO;04/03/2000;7.658.540;7207.88
238.724;M;17/10/1948;54;Sí;Sí;No;No;Particular;1996;6;29;1800;100;BLANCO;20/04/1996;7.895.580;2019.12
238.952;M;01/06/1933;69;Sí;No;Sí;Sí;Particular;1987;14;9;1000;49;BLANCO;14/12/1987;1.391.627;2074.25
239.163;M;18/03/1952;50;Sí;No;Sí;Sí;Particular;1995;6;18;1400;98;BLANCO;29/11/1995;8.854.382;1334.67
239.187;M;27/08/1930;72;Sí;Sí;No;No;Particular;2001;1;25;1900d;69;BLANCO;26/01/2001;7.154.243;2181.88
239.386;M;18/01/1959;43;Sí;No;Sí;Sí;Particular;1995;7;17;1400;98;BLANCO;18/11/1995;5.409.865;1363.03
240.306;M;27/04/1965;37;Sí;No;Sí;Sí;Particular;1994;8;9;1000;49;BLANCO;10/05/1994;8.387.304;2081.25
240.619;M;01/10/1955;47;Sí;Sí;No;No;Particular;2001;0;24;1600i;109;BLANCO;23/12/2001;8.658.899;2490.44
241.474;H;10/02/1950;52;Sí;No;Sí;Sí;Particular;1983;19;4;1900;100;NEGRO;02/11/1983;4.548.648;2254.63
242.212;H;21/07/1960;42;Sí;Sí;No;No;Particular;1998;4;18;1400;98;ROJO;14/07/1998;8.407.661;1276.18
242.859;H;25/05/1948;54;Sí;No;Sí;Sí;Particular;1987;14;10;1100;50;ROJO;29/11/1987;8.234.351;2425.94
243.649;H;02/12/1951;50;Sí;Sí;No;No;Particular;2000;2;41;4300;279;ROJO;02/09/2000;1.627.017;1375.67
243.889;H;28/04/1952;50;Sí;No;Sí;Sí;Particular;1985;17;9;1000;49;ROJO;16/04/1985;2.245.857;1747.33
244.256;M;10/10/1938;64;Sí;Sí;No;No;Particular;1996;6;40;3200cdi;197;GRIS_M;23/08/1996;9.230.468;1051.24
244.452;H;02/04/1968;34;Sí;No;Sí;Sí;Particular;1989;13;9;1000;49;NEGRO;18/05/1989;7.739.772;7649.01
244.452;H;02/04/1968;34;Sí;No;Sí;Sí;Particular;1989;13;9;1000;49;NEGRO;18/05/1989;7.739.772;6061.58
244.740;H;21/10/1951;51;Sí;No;Sí;Sí;Particular;1988;14;3;1300;70;ROJO;23/05/1988;8.083.949;2276.55
244.943;M;10/08/1962;40;Sí;No;Sí;Sí;Particular;1994;8;9;1000;49;BLANCO;15/04/1994;4.893.246;1471.92
245.152;H;05/06/1973;29;Sí;No;Sí;Sí;Particular;1992;10;9;1000;49;ROJO;16/06/1992;7.491.057;8528.71
245.341;H;18/07/1947;55;Sí;Sí;No;No;Particular;1999;3;23;1400i;75;ROJO;23/10/1999;1.465.523;1938.19
246.089;H;08/11/1959;43;Sí;Sí;No;No;Particular;1997;5;10;1100;50;ROJO;15/08/1997;4.092.586;1678.68
246.693;H;18/02/1966;36;Sí;No;Sí;Sí;Particular;1987;15;10;1100;50;ROJO;22/02/1987;7.587.017;5120.69
247.271;H;01/01/1937;65;Sí;Sí;No;No;Particular;2001;1;38;2200;143;NEGRO;13/08/2001;4.145.553;1106.58
247.509;M;05/10/1947;55;Sí;No;Sí;Sí;Particular;1991;11;9;1000;49;BLANCO;27/07/1991;3.498.230;1585.80
247.750;H;16/06/1962;40;Sí;No;Sí;Sí;Particular;1989;12;9;1000;49;ROJO;21/11/1989;6.526.275;1092.55
248.257;H;07/10/1967;35;Sí;No;Sí;Sí;Particular;1995;7;10;1100;50;ROJO;13/07/1995;2.845.141;5436.12
248.663;H;22/05/1940;62;Sí;No;Sí;Sí;Particular;1986;16;9;1000;49;ROJO;15/04/1986;1.993.652;2481.00
248.875;M;05/01/1969;33;Sí;No;Sí;Sí;Particular;1983;19;4;1900;100;BLANCO;23/06/1983;5.224.914;9690.93
249.179;M;27/05/1937;65;Sí;No;Sí;Sí;Particular;1986;16;9;1000;49;BLANCO;19/07/1986;6.722.219;1535.18
249.324;M;17/07/1941;61;Sí;No;Sí;Sí;Particular;1991;11;9;1000;49;BLANCO;17/08/1991;8.209.037;2103.67
249357;M;23/02/1948;54;Sí;No;Sí;Sí;Particular;1993;9;41;4300;279;BLANCO;18/11/1993;3476923;2225.11
